월,4542
일,3864
롯데,3721
월드,3416
수,3034
당첨,3009
이벤트,2827
국립공원,2764
친구,2089
시,1968
분,1925
서울,1879
발표,1738
공유,1699
한강,1517
디자인,1395
여러분,1387
명,1367
오늘,1333
이,1324
년,1272
곳,1225
사진,1223
공연,1195
것,1126
코엑스몰,1118
후,1105
사람,1085
전시,1019
페이스북,1010
소환,1008
요,1005
이번,986
중,952
를,912
보기,912
댓글,878
의,876
선물,862
시간,830
이용권,830
더,817
기간,816
페친,816
추첨,814
참여,807
등,805
태그,804
자유,788
지금,771
에서,770
방법,769
할인,766
바로,763
주말,754
공원,749
그,748
모두,746
금,675
물,673
전,658
우리,658
통해,652
원,644
탐방,644
맛집,640
나,639
오후,638
날,630
정보,623
가을,613
작품,611
우대,605
데이트,603
까지,593
여행,581
모습,579
장소,574
인,567
매,564
게시,557
문화,547
어플,542
다운,534
및,531
토,527
무대,525
메시지,517
주,509
내,503
때,499
눈,495
가장,489
속,482
영상,467
지리산,466
위해,464
이용,463
만원,462
알,462
축하,458
행사,455
로,454
겨울,454
봄,447
와,438
클릭,433
여름,426
물빛,425
날씨,424
무료,420
아래,418
총,417
꼭,415
영화,411
하루,410
오픈,408
시민,404
애인,399
산,399
만,397
모든,396
티켓,395
페이지,394
페북,392
경품,388
혜택,385
이름,384
정답,381
앞,375
자연,373
동대문,371
콘서트,369
밤,366
예정,364
보고,362
마음,361
홈페이지,360
프로그램,359
풍경,358
저녁,357
개,356
축제,356
하나,355
파티,355
비,354
어,351
단풍,351
기념,344
여의도,341
회,340
신청,340
화면,339
사랑,335
목,335
퀴즈,335
개인정보,335
마지막,332
제,330
터,330
세계,329
소식,327
야간,326
무엇,326
매표소,324
안내,317
번,316
가족,315
추억,315
지난,314
점,313
여기,311
행운,311
관람,311
체험,310
작가,310
관심,309
특별,307
주년,307
일정,305
확인,304
코스,303
요즘,301
직접,299
현재,298
설악산,296
상품,295
스타,295
꽃,294
기회,294
디자이너,293
층,292
바로가기,292
가면,291
누구,290
너무,289
화,286
쿠폰,285
이야기,285
현장,284
아침,283
내일,281
볼,281
대한,281
금요일,280
관,278
안,277
홍대,275
단,275
션,275
지기,273
감사,273
선정,272
구매,269
공간,268
링크,267
내용,264
위,263
정말,263
라면,262
한번,260
응원,260
길,258
달,255
리움,255
도,254
거,254
팀,254
주차,254
가기,253
핫,252
해,251
맛,250
한국,250
가지,249
어디,249
안드로이드,248
트랙,247
부,246
응모,246
증정,243
다시,243
산행,243
월요일,241
이제,240
아이폰,240
봐,237
장,235
가능,232
온,231
아이,231
자,231
세상,230
가격,230
다른,230
크리스마스,230
피크닉,228
또,226
페스티벌,225
음악,225
아직,224
추천,222
인스타그램,221
첫,219
하늘,219
집,218
말,218
덕유산,218
건,216
플라자,216
살림,216
다음,214
더욱,214
은,212
소개,211
최고,210
선,210
분위기,209
취소,207
어린이,206
북한,206
음식,205
저렴,205
토요일,204
동안,204
회원,202
글,201
카페,200
일요일,199
몽땅,198
제공,198
나이트,198
바람,197
연락처,197
아트,196
주인공,196
버스킹,196
간송,196
연휴,193
이상,192
재즈,192
손,191
김,191
시작,190
연인,190
진행,189
매장,188
기분,188
예술,188
수집,188
과,187
덕후,186
평일,186
매력,186
완료,186
소리,185
거리,185
일시,185
스,184
그림,184
운영,183
함,182
별,181
계속,181
수령,181
발송,181
촬영,180
계곡,179
입장,179
마리,177
깜짝,177
전해,175
생각,175
카드,174
참가,174
예매,173
두,173
로티,173
어제,172
투어,172
각,171
배,171
뭐,171
끝,170
지역,170
선착순,169
세,169
치즈,169
계획,169
인증샷,168
대상,168
살,167
이후,167
트위터,166
개관,166
진짜,164
만날,164
확률,164
모바일,163
때문,162
커플,161
패션,159
새,159
부터,158
힐링,158
할로윈,158
당신,157
듯,157
해상,157
환상,156
주소,156
차,155
매일,154
대박,153
도전,153
감성,153
활동,153
벚꽃,152
대표,152
워터파크,152
개별,152
제시,152
메세지,152
인기,151
준비,151
공개,151
올해,149
이미지,149
자리,148
모집,148
대해,148
바다,148
대한민국,148
공모전,148
이색,147
고객,147
달력,147
나들이,146
뚝섬,146
사용,145
꿈,145
소백산,145
짐,144
가요,144
줄,143
커피,143
빛,143
역시,143
저희,143
새해,143
봉,143
접수,142
너,141
필수,141
문,141
오전,140
역사,140
센스,140
미술,140
이유,139
미리,138
미래,138
반달,138
저,137
사항,136
디저트,135
박,135
못,134
정도,134
알림,134
최대,133
피,133
전시회,132
예약,132
돌파,132
안전,131
내장산,130
블로그,129
천원,129
순간,129
일간,129
사업,129
프로젝트,128
가득,128
힘,128
상품권,128
나무,127
보시,127
건축,127
메뉴,126
당장,126
상영,126
필드,126
앱,126
특집,126
아메리카노,126
얼,125
인형,125
센터,125
전통,125
방문,125
행복,124
감동,124
바,124
기,124
경험,124
벌써,123
신,123
좀,123
사전,123
관리,123
광장,122
갤러리,122
추석,121
시장,121
설,121
가구,121
참여자,121
더위,120
우리나라,120
개최,120
세트,119
주변,119
학생,119
일출,119
움,118
진,118
국내,118
현대,118
려,118
자벌레,118
무등산,117
주제,116
퍼레이드,116
여유,116
스토리,116
뮤지컬,115
먼저,115
생태,115
자신,114
치킨,113
종,113
추가,113
국제,113
나눔,113
언제,112
뒤,112
타임,112
멤버십,112
정상,112
오,111
감상,111
명의,111
오시,111
인생,110
지정,110
라이브,110
밴드,110
밥,109
완전,109
팬,109
예,109
수요일,109
연장,109
로리,109
사실,108
서비스,108
실내,108
회신,108
캐릭터,107
홍보,107
교육,107
야영장,107
임,106
로맨틱,106
오대산,106
명소,105
불금,105
사,105
포토,105
느낌,104
초,104
처음,104
얼마,104
고기,103
결과,103
전시장,103
속리산,103
공단,103
제품,102
재,102
폭포,102
변경,102
어드벤처,102
전국,101
휴가,101
책,101
대피소,101
경주,101
진심,100
게,100
골목,100
자동차,100
문의,100
계절,100
경우,100
맥주,99
트,99
번호,99
엔제리너스,99
그냥,98
사이,98
존,98
제대로,97
문제,97
조금,97
최초,97
패션위크,97
설경,97
데이,96
방,96
몸,96
재미,96
선율,96
동의,96
형태,96
드디어,95
다리,95
서울시,95
잠시,95
대회,95
대학생,94
편,94
둘레길,94
장터,94
일주일,94
재단,94
태안,94
변산반도,94
만들기,93
쇼핑,93
연,93
건강,93
환,92
난,92
공식,92
의자,92
아이스크림,92
조,92
개인,92
낭만,92
옷,92
드림,92
환경,92
바위,92
끼리,91
철쭉,91
남,91
강,91
작업,91
매직,91
기타,91
관련,91
객,91
노래,90
지원,90
컬렉션,90
단어,90
미술관,90
생일,89
불,89
미션,89
마감,89
정,89
본인,89
아이템,88
타고,88
게임,88
호,88
의미,88
피자,87
후기,87
성,87
리,87
고고,87
쇼,87
향,87
구름,87
나라,87
직원,87
곳곳,86
체크,86
캠페인,86
신분,86
반달가슴곰,86
배움터,86
마무리,85
걸,85
아티스트,85
주목,85
맞이,85
숲,85
마을,85
기대,85
최,85
성함,85
해도,84
입,84
상황,84
스타일,84
당일,84
연락,84
기획,84
영,83
몇,83
얼굴,83
완성,83
신비,83
운,83
복,83
클래스,83
청소년,83
박물관,83
플레이,82
빵,82
법,82
하니,82
열정,82
공지,82
용,82
세븐일레븐,82
전시관,82
단돈,81
소,81
곧,81
캠핑,81
브랜드,81
발,81
그룹,81
남지,81
토크,81
소재,81
단체,81
워크숍,81
푸드,80
일이,80
고,80
주신,80
수상,80
어울림,80
티,79
무,79
둘,79
드,79
보아,79
과연,79
스포츠,79
수험생,79
슨,79
자하,79
조합,78
고민,78
마당,78
진행중,78
약관,78
다도해,78
해안,78
돈,77
뿐,77
이건,77
연극,77
음료,77
눈꽃,77
야경,77
실시간,77
오리,77
유용,77
아기,77
또한,77
동반,77
엘리,77
일본,76
떡볶이,76
곰,76
아이디어,76
막,76
상상,76
품,76
마치,76
준,76
사연,76
기프티콘,76
강연,76
제작,76
약,76
박스,75
달달,75
위치,75
남친,75
만난,75
석,75
낮,75
삶,75
중심,75
이메일,75
연간,75
온라인,74
종료,74
아쿠아리움,74
항상,74
중인,74
질문,74
놀이터,74
철,74
명단,74
복원,74
제보,73
엄마,73
이자,73
신규,73
선택,73
투표,73
비쥬,72
점심,72
다음주,72
양해,72
과정,72
액자,72
가야,71
요기,71
이태원,71
무려,71
황금,71
서로,71
등록,71
키즈,71
기술,71
풀,70
야외,70
태풍,70
아시,70
예술가,70
선수,70
월출산,70
데,69
무한리필,69
구,69
마켓,69
절정,69
구경,69
산양,69
디디,69
인원,68
식사,68
상,68
도서관,68
통제,68
소원,68
섬,68
사회,68
능선,68
출처,67
드루,67
놀이,67
경관,67
권,67
일상,67
가야산,67
월악산,67
새끼,67
스펙트럼,67
님,66
도시,66
안주,66
멀리,66
좀비,66
동시,66
경,66
여,66
조명,66
쏜다,66
학교,66
해당,66
시설,66
문구,66
구간,66
도슨,66
동물,65
먹방,65
찬,65
즐거움,65
물론,65
기억,65
하디,65
여러,65
해주시,65
한글,65
연구,65
야생화,65
창조,65
스페셜,64
부분,64
잠실,64
시즌,64
검색,64
맑은,64
국악,64
주왕산,64
제일,63
시대,63
잔,63
반,63
무슨,63
연말,63
채,63
휴식,63
일몰,63
동대문역,63
홍,62
먹거리,62
방송,62
곱창,62
도심,62
모델,62
본격,62
시기,62
교환,62
트리,62
입력,62
국민,62
산업,62
관객,62
사고,62
노고단,62
밑,61
보,61
여자,61
상당,61
식물,61
미니,61
시리즈,61
아일랜드,61
포럼,61
자주,60
양,60
옆,60
란,60
일부,60
스테이지,60
그녀,60
수능,60
빼빼로,60
계룡산,60
사문,60
취향,59
폭발,59
즉석,59
남자,59
요리,59
주의,59
만남,59
술,59
향기,59
충전,59
설명,59
분야,59
기부,59
출석,59
드릴,59
과거,59
천왕봉,59
판매,58
산책,58
필요,58
여성,58
교수,58
페어,58
연주,58
참가자,58
갤럭시,58
여우,58
치악산,58
한장,57
한정,57
왜,57
반포,57
초대,57
그대로,57
휘,57
장식,57
목요일,57
가든,57
청년,57
공동,57
료,57
인터뷰,57
해설,57
걱정,56
꿀,56
급,56
입장권,56
하라,56
천,56
초콜릿,56
희망,56
가슴,56
생활,56
가치,56
지난주,56
매우,56
사진첩,56
본부,56
샷,55
시험,55
스트레스,55
선선,55
적,55
노,55
오브,55
봄날,55
소통,55
핸드폰,55
번가,55
맨,55
열대야,55
포인트,55
전화번호,55
채용,55
가능성,55
자원봉사,55
광진교,55
강남,54
장미,54
누가,54
출구,54
파스타,54
근처,54
코엑스,54
가입,54
카스,54
